team	collective_name	collective_start_year	public_collective	estimated_tier	primary_sport_focus	source_url	notes	state_nil_law_year
Air Force Falcons								
Air Force Falcons								
Air Force Falcons								
Air Force Falcons								
Air Force Falcons								
Air Force Falcons								
Air Force Falcons								
Air Force Falcons								
Air Force Falcons								
Air Force Falcons								
Air Force Falcons								
Akron Zips								
Akron Zips								
Akron Zips								
Akron Zips								
Akron Zips								
Akron Zips								
Akron Zips								
Akron Zips								
Akron Zips								
Akron Zips								
Akron Zips								
Alabama Crimson Tide								
Alabama Crimson Tide								
Alabama Crimson Tide								
Alabama Crimson Tide								
Alabama Crimson Tide								
Alabama Crimson Tide								
Alabama Crimson Tide								
Alabama Crimson Tide								
Alabama Crimson Tide								
Alabama Crimson Tide								
Alabama Crimson Tide								
App State Mountaineers								
App State Mountaineers								
Appalachian State Mountaineers								
Appalachian State Mountaineers								
Appalachian State Mountaineers								
Appalachian State Mountaineers								
Appalachian State Mountaineers								
Appalachian State Mountaineers								
Appalachian State Mountaineers								
Appalachian State Mountaineers								
Appalachian State Mountaineers								
Arizona State Sun Devils								
Arizona State Sun Devils								
Arizona State Sun Devils								
Arizona State Sun Devils								
Arizona State Sun Devils								
Arizona State Sun Devils								
Arizona State Sun Devils								
Arizona State Sun Devils								
Arizona State Sun Devils								
Arizona State Sun Devils								
Arizona State Sun Devils								
Arizona Wildcats								
Arizona Wildcats								
Arizona Wildcats								
Arizona Wildcats								
Arizona Wildcats								
Arizona Wildcats								
Arizona Wildcats								
Arizona Wildcats								
Arizona Wildcats								
Arizona Wildcats								
Arizona Wildcats								
Arkansas Razorbacks								
Arkansas Razorbacks								
Arkansas Razorbacks								
Arkansas Razorbacks								
Arkansas Razorbacks								
Arkansas Razorbacks								
Arkansas Razorbacks								
Arkansas Razorbacks								
Arkansas Razorbacks								
Arkansas Razorbacks								
Arkansas Razorbacks								
Arkansas State Red Wolves								
Arkansas State Red Wolves								
Arkansas State Red Wolves								
Arkansas State Red Wolves								
Arkansas State Red Wolves								
Arkansas State Red Wolves								
Arkansas State Red Wolves								
Arkansas State Red Wolves								
Arkansas State Red Wolves								
Arkansas State Red Wolves								
Arkansas State Red Wolves								
Army Black Knights								
Army Black Knights								
Auburn Tigers								
Auburn Tigers								
Auburn Tigers								
Auburn Tigers								
Auburn Tigers								
Auburn Tigers								
Auburn Tigers								
Auburn Tigers								
Auburn Tigers								
Auburn Tigers								
Auburn Tigers								
BYU Cougars								
BYU Cougars								
BYU Cougars								
Ball State Cardinals								
Ball State Cardinals								
Ball State Cardinals								
Ball State Cardinals								
Ball State Cardinals								
Ball State Cardinals								
Ball State Cardinals								
Ball State Cardinals								
Ball State Cardinals								
Ball State Cardinals								
Ball State Cardinals								
Baylor Bears								
Baylor Bears								
Baylor Bears								
Baylor Bears								
Baylor Bears								
Baylor Bears								
Baylor Bears								
Baylor Bears								
Baylor Bears								
Baylor Bears								
Baylor Bears								
Boise State Broncos								
Boise State Broncos								
Boise State Broncos								
Boise State Broncos								
Boise State Broncos								
Boise State Broncos								
Boise State Broncos								
Boise State Broncos								
Boise State Broncos								
Boise State Broncos								
Boise State Broncos								
Boston College Eagles								
Boston College Eagles								
Boston College Eagles								
Boston College Eagles								
Boston College Eagles								
Boston College Eagles								
Boston College Eagles								
Boston College Eagles								
Boston College Eagles								
Boston College Eagles								
Boston College Eagles								
Bowling Green Falcons								
Bowling Green Falcons								
Bowling Green Falcons								
Bowling Green Falcons								
Bowling Green Falcons								
Bowling Green Falcons								
Bowling Green Falcons								
Bowling Green Falcons								
Bowling Green Falcons								
Bowling Green Falcons								
Bowling Green Falcons								
Buffalo Bulls								
Buffalo Bulls								
Buffalo Bulls								
Buffalo Bulls								
Buffalo Bulls								
Buffalo Bulls								
Buffalo Bulls								
Buffalo Bulls								
Buffalo Bulls								
Buffalo Bulls								
Buffalo Bulls								
California Golden Bears								
California Golden Bears								
California Golden Bears								
California Golden Bears								
California Golden Bears								
California Golden Bears								
California Golden Bears								
California Golden Bears								
California Golden Bears								
California Golden Bears								
California Golden Bears								
Central Michigan Chippewas								
Central Michigan Chippewas								
Central Michigan Chippewas								
Central Michigan Chippewas								
Central Michigan Chippewas								
Central Michigan Chippewas								
Central Michigan Chippewas								
Central Michigan Chippewas								
Central Michigan Chippewas								
Central Michigan Chippewas								
Central Michigan Chippewas								
Charlotte 49ers								
Charlotte 49ers								
Charlotte 49ers								
Cincinnati Bearcats								
Cincinnati Bearcats								
Cincinnati Bearcats								
Cincinnati Bearcats								
Cincinnati Bearcats								
Cincinnati Bearcats								
Cincinnati Bearcats								
Cincinnati Bearcats								
Cincinnati Bearcats								
Cincinnati Bearcats								
Cincinnati Bearcats								
Clemson Tigers								
Clemson Tigers								
Clemson Tigers								
Clemson Tigers								
Clemson Tigers								
Clemson Tigers								
Clemson Tigers								
Clemson Tigers								
Clemson Tigers								
Clemson Tigers								
Clemson Tigers								
Coastal Carolina Chanticleers								
Coastal Carolina Chanticleers								
Coastal Carolina Chanticleers								
Coastal Carolina Chanticleers								
Coastal Carolina Chanticleers								
Coastal Carolina Chanticleers								
Coastal Carolina Chanticleers								
Coastal Carolina Chanticleers								
Coastal Carolina Chanticleers								
Colorado Buffaloes								
Colorado Buffaloes								
Colorado Buffaloes								
Colorado Buffaloes								
Colorado Buffaloes								
Colorado Buffaloes								
Colorado Buffaloes								
Colorado Buffaloes								
Colorado Buffaloes								
Colorado Buffaloes								
Colorado Buffaloes								
Colorado State Rams								
Colorado State Rams								
Colorado State Rams								
Colorado State Rams								
Colorado State Rams								
Colorado State Rams								
Colorado State Rams								
Colorado State Rams								
Colorado State Rams								
Colorado State Rams								
Colorado State Rams								
Connecticut Huskies								
Connecticut Huskies								
Duke Blue Devils								
Duke Blue Devils								
Duke Blue Devils								
Duke Blue Devils								
Duke Blue Devils								
Duke Blue Devils								
Duke Blue Devils								
Duke Blue Devils								
Duke Blue Devils								
Duke Blue Devils								
Duke Blue Devils								
East Carolina Pirates								
East Carolina Pirates								
East Carolina Pirates								
East Carolina Pirates								
East Carolina Pirates								
East Carolina Pirates								
East Carolina Pirates								
East Carolina Pirates								
East Carolina Pirates								
East Carolina Pirates								
East Carolina Pirates								
Eastern Michigan Eagles								
Eastern Michigan Eagles								
Eastern Michigan Eagles								
Eastern Michigan Eagles								
Eastern Michigan Eagles								
Eastern Michigan Eagles								
Eastern Michigan Eagles								
Eastern Michigan Eagles								
Eastern Michigan Eagles								
Eastern Michigan Eagles								
Eastern Michigan Eagles								
Florida Atlantic Owls								
Florida Atlantic Owls								
Florida Atlantic Owls								
Florida Gators								
Florida Gators								
Florida Gators								
Florida Gators								
Florida Gators								
Florida Gators								
Florida Gators								
Florida Gators								
Florida Gators								
Florida Gators								
Florida Gators								
Florida State Seminoles								
Florida State Seminoles								
Florida State Seminoles								
Florida State Seminoles								
Florida State Seminoles								
Florida State Seminoles								
Florida State Seminoles								
Florida State Seminoles								
Florida State Seminoles								
Florida State Seminoles								
Florida State Seminoles								
Fresno State Bulldogs								
Fresno State Bulldogs								
Fresno State Bulldogs								
Fresno State Bulldogs								
Fresno State Bulldogs								
Fresno State Bulldogs								
Fresno State Bulldogs								
Fresno State Bulldogs								
Fresno State Bulldogs								
Fresno State Bulldogs								
Fresno State Bulldogs								
Georgia Bulldogs								
Georgia Bulldogs								
Georgia Bulldogs								
Georgia Bulldogs								
Georgia Bulldogs								
Georgia Bulldogs								
Georgia Bulldogs								
Georgia Bulldogs								
Georgia Bulldogs								
Georgia Bulldogs								
Georgia Bulldogs								
Georgia Southern Eagles								
Georgia Southern Eagles								
Georgia Southern Eagles								
Georgia Southern Eagles								
Georgia Southern Eagles								
Georgia Southern Eagles								
Georgia Southern Eagles								
Georgia Southern Eagles								
Georgia Southern Eagles								
Georgia Southern Eagles								
Georgia Southern Eagles								
Georgia State Panthers								
Georgia State Panthers								
Georgia State Panthers								
Georgia State Panthers								
Georgia State Panthers								
Georgia State Panthers								
Georgia State Panthers								
Georgia State Panthers								
Georgia State Panthers								
Georgia State Panthers								
Georgia State Panthers								
Georgia Tech Yellow Jackets								
Georgia Tech Yellow Jackets								
Georgia Tech Yellow Jackets								
Georgia Tech Yellow Jackets								
Georgia Tech Yellow Jackets								
Georgia Tech Yellow Jackets								
Georgia Tech Yellow Jackets								
Georgia Tech Yellow Jackets								
Georgia Tech Yellow Jackets								
Georgia Tech Yellow Jackets								
Georgia Tech Yellow Jackets								
Hawai'i Rainbow Warriors								
Hawai'i Rainbow Warriors								
Hawai'i Rainbow Warriors								
Hawai'i Rainbow Warriors								
Hawai'i Rainbow Warriors								
Hawai'i Rainbow Warriors								
Hawai'i Rainbow Warriors								
Hawai'i Rainbow Warriors								
Hawai'i Rainbow Warriors								
Hawai'i Rainbow Warriors								
Hawai'i Rainbow Warriors								
Houston Cougars								
Houston Cougars								
Houston Cougars								
Houston Cougars								
Houston Cougars								
Houston Cougars								
Houston Cougars								
Houston Cougars								
Houston Cougars								
Houston Cougars								
Houston Cougars								
Idaho Vandals								
Idaho Vandals								
Idaho Vandals								
Illinois Fighting Illini								
Illinois Fighting Illini								
Illinois Fighting Illini								
Illinois Fighting Illini								
Illinois Fighting Illini								
Illinois Fighting Illini								
Illinois Fighting Illini								
Illinois Fighting Illini								
Illinois Fighting Illini								
Illinois Fighting Illini								
Illinois Fighting Illini								
Indiana Hoosiers								
Indiana Hoosiers								
Indiana Hoosiers								
Indiana Hoosiers								
Indiana Hoosiers								
Indiana Hoosiers								
Indiana Hoosiers								
Indiana Hoosiers								
Indiana Hoosiers								
Indiana Hoosiers								
Indiana Hoosiers								
Iowa Hawkeyes								
Iowa Hawkeyes								
Iowa Hawkeyes								
Iowa Hawkeyes								
Iowa Hawkeyes								
Iowa Hawkeyes								
Iowa Hawkeyes								
Iowa Hawkeyes								
Iowa Hawkeyes								
Iowa Hawkeyes								
Iowa Hawkeyes								
Iowa State Cyclones								
Iowa State Cyclones								
Iowa State Cyclones								
Iowa State Cyclones								
Iowa State Cyclones								
Iowa State Cyclones								
Iowa State Cyclones								
Iowa State Cyclones								
Iowa State Cyclones								
Iowa State Cyclones								
Iowa State Cyclones								
James Madison Dukes								
James Madison Dukes								
James Madison Dukes								
James Madison Dukes								
Kansas Jayhawks								
Kansas Jayhawks								
Kansas Jayhawks								
Kansas Jayhawks								
Kansas Jayhawks								
Kansas Jayhawks								
Kansas Jayhawks								
Kansas Jayhawks								
Kansas Jayhawks								
Kansas Jayhawks								
Kansas Jayhawks								
Kansas State Wildcats								
Kansas State Wildcats								
Kansas State Wildcats								
Kansas State Wildcats								
Kansas State Wildcats								
Kansas State Wildcats								
Kansas State Wildcats								
Kansas State Wildcats								
Kansas State Wildcats								
Kansas State Wildcats								
Kansas State Wildcats								
Kent State Golden Flashes								
Kent State Golden Flashes								
Kent State Golden Flashes								
Kent State Golden Flashes								
Kent State Golden Flashes								
Kent State Golden Flashes								
Kent State Golden Flashes								
Kent State Golden Flashes								
Kent State Golden Flashes								
Kent State Golden Flashes								
Kent State Golden Flashes								
Kentucky Wildcats								
Kentucky Wildcats								
Kentucky Wildcats								
Kentucky Wildcats								
Kentucky Wildcats								
Kentucky Wildcats								
Kentucky Wildcats								
Kentucky Wildcats								
Kentucky Wildcats								
Kentucky Wildcats								
Kentucky Wildcats								
LSU Tigers								
LSU Tigers								
LSU Tigers								
LSU Tigers								
LSU Tigers								
LSU Tigers								
LSU Tigers								
LSU Tigers								
LSU Tigers								
LSU Tigers								
LSU Tigers								
Louisiana Monroe Warhawks								
Louisiana Monroe Warhawks								
Louisiana Monroe Warhawks								
Louisiana Ragin' Cajuns								
Louisiana Ragin' Cajuns								
Louisiana Ragin' Cajuns								
Louisiana Ragin' Cajuns								
Louisiana Ragin' Cajuns								
Louisiana Ragin' Cajuns								
Louisiana Ragin' Cajuns								
Louisiana Ragin' Cajuns								
Louisiana Ragin' Cajuns								
Louisiana Ragin' Cajuns								
Louisiana Ragin' Cajuns								
Louisville Cardinals								
Louisville Cardinals								
Louisville Cardinals								
Louisville Cardinals								
Louisville Cardinals								
Louisville Cardinals								
Louisville Cardinals								
Louisville Cardinals								
Louisville Cardinals								
Louisville Cardinals								
Louisville Cardinals								
Marshall Thundering Herd								
Marshall Thundering Herd								
Marshall Thundering Herd								
Marshall Thundering Herd								
Maryland Terrapins								
Maryland Terrapins								
Maryland Terrapins								
Maryland Terrapins								
Maryland Terrapins								
Maryland Terrapins								
Maryland Terrapins								
Maryland Terrapins								
Maryland Terrapins								
Maryland Terrapins								
Maryland Terrapins								
Massachusetts Minutemen								
Massachusetts Minutemen								
Memphis Tigers								
Memphis Tigers								
Memphis Tigers								
Memphis Tigers								
Memphis Tigers								
Memphis Tigers								
Memphis Tigers								
Memphis Tigers								
Memphis Tigers								
Memphis Tigers								
Memphis Tigers								
Miami (OH) RedHawks								
Miami (OH) RedHawks								
Miami (OH) RedHawks								
Miami (OH) RedHawks								
Miami (OH) RedHawks								
Miami (OH) RedHawks								
Miami (OH) RedHawks								
Miami (OH) RedHawks								
Miami (OH) RedHawks								
Miami (OH) RedHawks								
Miami (OH) RedHawks								
Miami Hurricanes								
Miami Hurricanes								
Miami Hurricanes								
Miami Hurricanes								
Miami Hurricanes								
Miami Hurricanes								
Miami Hurricanes								
Miami Hurricanes								
Miami Hurricanes								
Miami Hurricanes								
Miami Hurricanes								
Michigan State Spartans								
Michigan State Spartans								
Michigan State Spartans								
Michigan State Spartans								
Michigan State Spartans								
Michigan State Spartans								
Michigan State Spartans								
Michigan State Spartans								
Michigan State Spartans								
Michigan State Spartans								
Michigan State Spartans								
Michigan Wolverines								
Michigan Wolverines								
Michigan Wolverines								
Michigan Wolverines								
Michigan Wolverines								
Michigan Wolverines								
Michigan Wolverines								
Michigan Wolverines								
Michigan Wolverines								
Michigan Wolverines								
Michigan Wolverines								
Minnesota Golden Gophers								
Minnesota Golden Gophers								
Minnesota Golden Gophers								
Minnesota Golden Gophers								
Minnesota Golden Gophers								
Minnesota Golden Gophers								
Minnesota Golden Gophers								
Minnesota Golden Gophers								
Minnesota Golden Gophers								
Minnesota Golden Gophers								
Minnesota Golden Gophers								
Mississippi State Bulldogs								
Mississippi State Bulldogs								
Mississippi State Bulldogs								
Mississippi State Bulldogs								
Mississippi State Bulldogs								
Mississippi State Bulldogs								
Mississippi State Bulldogs								
Mississippi State Bulldogs								
Mississippi State Bulldogs								
Mississippi State Bulldogs								
Mississippi State Bulldogs								
Missouri Tigers								
Missouri Tigers								
Missouri Tigers								
Missouri Tigers								
Missouri Tigers								
Missouri Tigers								
Missouri Tigers								
Missouri Tigers								
Missouri Tigers								
Missouri Tigers								
Missouri Tigers								
NC State Wolfpack								
NC State Wolfpack								
NC State Wolfpack								
NC State Wolfpack								
NC State Wolfpack								
NC State Wolfpack								
NC State Wolfpack								
NC State Wolfpack								
NC State Wolfpack								
NC State Wolfpack								
NC State Wolfpack								
Navy Midshipmen								
Navy Midshipmen								
Navy Midshipmen								
Navy Midshipmen								
Navy Midshipmen								
Navy Midshipmen								
Navy Midshipmen								
Navy Midshipmen								
Navy Midshipmen								
Navy Midshipmen								
Navy Midshipmen								
Nebraska Cornhuskers								
Nebraska Cornhuskers								
Nebraska Cornhuskers								
Nebraska Cornhuskers								
Nebraska Cornhuskers								
Nebraska Cornhuskers								
Nebraska Cornhuskers								
Nebraska Cornhuskers								
Nebraska Cornhuskers								
Nebraska Cornhuskers								
Nebraska Cornhuskers								
Nevada Wolf Pack								
Nevada Wolf Pack								
Nevada Wolf Pack								
Nevada Wolf Pack								
Nevada Wolf Pack								
Nevada Wolf Pack								
Nevada Wolf Pack								
Nevada Wolf Pack								
Nevada Wolf Pack								
Nevada Wolf Pack								
Nevada Wolf Pack								
New Mexico Lobos								
New Mexico Lobos								
New Mexico Lobos								
New Mexico Lobos								
New Mexico Lobos								
New Mexico Lobos								
New Mexico Lobos								
New Mexico Lobos								
New Mexico Lobos								
New Mexico Lobos								
New Mexico Lobos								
New Mexico State Aggies								
New Mexico State Aggies								
New Mexico State Aggies								
North Carolina Tar Heels								
North Carolina Tar Heels								
North Carolina Tar Heels								
North Carolina Tar Heels								
North Carolina Tar Heels								
North Carolina Tar Heels								
North Carolina Tar Heels								
North Carolina Tar Heels								
North Carolina Tar Heels								
North Carolina Tar Heels								
North Carolina Tar Heels								
North Texas Mean Green								
North Texas Mean Green								
North Texas Mean Green								
Northern Illinois Huskies								
Northern Illinois Huskies								
Northern Illinois Huskies								
Northern Illinois Huskies								
Northern Illinois Huskies								
Northern Illinois Huskies								
Northern Illinois Huskies								
Northern Illinois Huskies								
Northern Illinois Huskies								
Northern Illinois Huskies								
Northern Illinois Huskies								
Northwestern Wildcats								
Northwestern Wildcats								
Northwestern Wildcats								
Northwestern Wildcats								
Northwestern Wildcats								
Northwestern Wildcats								
Northwestern Wildcats								
Northwestern Wildcats								
Northwestern Wildcats								
Northwestern Wildcats								
Northwestern Wildcats								
Notre Dame Fighting Irish								
Ohio Bobcats								
Ohio Bobcats								
Ohio Bobcats								
Ohio Bobcats								
Ohio Bobcats								
Ohio Bobcats								
Ohio Bobcats								
Ohio Bobcats								
Ohio Bobcats								
Ohio Bobcats								
Ohio Bobcats								
Ohio State Buckeyes								
Ohio State Buckeyes								
Ohio State Buckeyes								
Ohio State Buckeyes								
Ohio State Buckeyes								
Ohio State Buckeyes								
Ohio State Buckeyes								
Ohio State Buckeyes								
Ohio State Buckeyes								
Ohio State Buckeyes								
Ohio State Buckeyes								
Oklahoma Sooners								
Oklahoma Sooners								
Oklahoma Sooners								
Oklahoma Sooners								
Oklahoma Sooners								
Oklahoma Sooners								
Oklahoma Sooners								
Oklahoma Sooners								
Oklahoma Sooners								
Oklahoma Sooners								
Oklahoma Sooners								
Oklahoma State Cowboys								
Oklahoma State Cowboys								
Oklahoma State Cowboys								
Oklahoma State Cowboys								
Oklahoma State Cowboys								
Oklahoma State Cowboys								
Oklahoma State Cowboys								
Oklahoma State Cowboys								
Oklahoma State Cowboys								
Oklahoma State Cowboys								
Oklahoma State Cowboys								
Old Dominion Monarchs								
Old Dominion Monarchs								
Old Dominion Monarchs								
Old Dominion Monarchs								
Ole Miss Rebels								
Ole Miss Rebels								
Ole Miss Rebels								
Ole Miss Rebels								
Ole Miss Rebels								
Ole Miss Rebels								
Ole Miss Rebels								
Ole Miss Rebels								
Ole Miss Rebels								
Ole Miss Rebels								
Ole Miss Rebels								
Oregon Ducks								
Oregon Ducks								
Oregon Ducks								
Oregon Ducks								
Oregon Ducks								
Oregon Ducks								
Oregon Ducks								
Oregon Ducks								
Oregon Ducks								
Oregon Ducks								
Oregon Ducks								
Oregon State Beavers								
Oregon State Beavers								
Oregon State Beavers								
Oregon State Beavers								
Oregon State Beavers								
Oregon State Beavers								
Oregon State Beavers								
Oregon State Beavers								
Oregon State Beavers								
Oregon State Beavers								
Oregon State Beavers								
Penn State Nittany Lions								
Penn State Nittany Lions								
Penn State Nittany Lions								
Penn State Nittany Lions								
Penn State Nittany Lions								
Penn State Nittany Lions								
Penn State Nittany Lions								
Penn State Nittany Lions								
Penn State Nittany Lions								
Penn State Nittany Lions								
Penn State Nittany Lions								
Pittsburgh Panthers								
Pittsburgh Panthers								
Pittsburgh Panthers								
Pittsburgh Panthers								
Pittsburgh Panthers								
Pittsburgh Panthers								
Pittsburgh Panthers								
Pittsburgh Panthers								
Pittsburgh Panthers								
Pittsburgh Panthers								
Pittsburgh Panthers								
Purdue Boilermakers								
Purdue Boilermakers								
Purdue Boilermakers								
Purdue Boilermakers								
Purdue Boilermakers								
Purdue Boilermakers								
Purdue Boilermakers								
Purdue Boilermakers								
Purdue Boilermakers								
Purdue Boilermakers								
Purdue Boilermakers								
Rice Owls								
Rice Owls								
Rice Owls								
Rutgers Scarlet Knights								
Rutgers Scarlet Knights								
Rutgers Scarlet Knights								
Rutgers Scarlet Knights								
Rutgers Scarlet Knights								
Rutgers Scarlet Knights								
Rutgers Scarlet Knights								
Rutgers Scarlet Knights								
Rutgers Scarlet Knights								
Rutgers Scarlet Knights								
Rutgers Scarlet Knights								
SMU Mustangs								
SMU Mustangs								
SMU Mustangs								
SMU Mustangs								
SMU Mustangs								
SMU Mustangs								
SMU Mustangs								
SMU Mustangs								
SMU Mustangs								
SMU Mustangs								
SMU Mustangs								
San Diego State Aztecs								
San Diego State Aztecs								
San Diego State Aztecs								
San Diego State Aztecs								
San Diego State Aztecs								
San Diego State Aztecs								
San Diego State Aztecs								
San Diego State Aztecs								
San Diego State Aztecs								
San Diego State Aztecs								
San Diego State Aztecs								
San Jose State Spartans								
San Jose State Spartans								
San Jose State Spartans								
San Jose State Spartans								
San José St Spartans								
San José State Spartans								
San José State Spartans								
San José State Spartans								
San José State Spartans								
San José State Spartans								
San José State Spartans								
South Alabama Jaguars								
South Alabama Jaguars								
South Alabama Jaguars								
South Alabama Jaguars								
South Alabama Jaguars								
South Alabama Jaguars								
South Alabama Jaguars								
South Alabama Jaguars								
South Alabama Jaguars								
South Alabama Jaguars								
South Alabama Jaguars								
South Carolina Gamecocks								
South Carolina Gamecocks								
South Carolina Gamecocks								
South Carolina Gamecocks								
South Carolina Gamecocks								
South Carolina Gamecocks								
South Carolina Gamecocks								
South Carolina Gamecocks								
South Carolina Gamecocks								
South Carolina Gamecocks								
South Carolina Gamecocks								
South Florida Bulls								
South Florida Bulls								
South Florida Bulls								
South Florida Bulls								
South Florida Bulls								
South Florida Bulls								
South Florida Bulls								
South Florida Bulls								
South Florida Bulls								
South Florida Bulls								
South Florida Bulls								
Southern Miss Golden Eagles								
Southern Miss Golden Eagles								
Southern Miss Golden Eagles								
Southern Miss Golden Eagles								
Stanford Cardinal								
Stanford Cardinal								
Stanford Cardinal								
Stanford Cardinal								
Stanford Cardinal								
Stanford Cardinal								
Stanford Cardinal								
Stanford Cardinal								
Stanford Cardinal								
Stanford Cardinal								
Stanford Cardinal								
Syracuse Orange								
Syracuse Orange								
Syracuse Orange								
Syracuse Orange								
Syracuse Orange								
Syracuse Orange								
Syracuse Orange								
Syracuse Orange								
Syracuse Orange								
Syracuse Orange								
Syracuse Orange								
TCU Horned Frogs								
TCU Horned Frogs								
TCU Horned Frogs								
TCU Horned Frogs								
TCU Horned Frogs								
TCU Horned Frogs								
TCU Horned Frogs								
TCU Horned Frogs								
TCU Horned Frogs								
TCU Horned Frogs								
TCU Horned Frogs								
Temple Owls								
Temple Owls								
Temple Owls								
Temple Owls								
Temple Owls								
Temple Owls								
Temple Owls								
Temple Owls								
Temple Owls								
Temple Owls								
Temple Owls								
Tennessee Volunteers								
Tennessee Volunteers								
Tennessee Volunteers								
Tennessee Volunteers								
Tennessee Volunteers								
Tennessee Volunteers								
Tennessee Volunteers								
Tennessee Volunteers								
Tennessee Volunteers								
Tennessee Volunteers								
Tennessee Volunteers								
Texas A&M Aggies								
Texas A&M Aggies								
Texas A&M Aggies								
Texas A&M Aggies								
Texas A&M Aggies								
Texas A&M Aggies								
Texas A&M Aggies								
Texas A&M Aggies								
Texas A&M Aggies								
Texas A&M Aggies								
Texas A&M Aggies								
Texas Longhorns								
Texas Longhorns								
Texas Longhorns								
Texas Longhorns								
Texas Longhorns								
Texas Longhorns								
Texas Longhorns								
Texas Longhorns								
Texas Longhorns								
Texas Longhorns								
Texas Longhorns								
Texas State Bobcats								
Texas State Bobcats								
Texas State Bobcats								
Texas State Bobcats								
Texas State Bobcats								
Texas State Bobcats								
Texas State Bobcats								
Texas State Bobcats								
Texas State Bobcats								
Texas State Bobcats								
Texas State Bobcats								
Texas Tech Red Raiders								
Texas Tech Red Raiders								
Texas Tech Red Raiders								
Texas Tech Red Raiders								
Texas Tech Red Raiders								
Texas Tech Red Raiders								
Texas Tech Red Raiders								
Texas Tech Red Raiders								
Texas Tech Red Raiders								
Texas Tech Red Raiders								
Texas Tech Red Raiders								
Toledo Rockets								
Toledo Rockets								
Toledo Rockets								
Toledo Rockets								
Toledo Rockets								
Toledo Rockets								
Toledo Rockets								
Toledo Rockets								
Toledo Rockets								
Toledo Rockets								
Toledo Rockets								
Troy Trojans								
Troy Trojans								
Troy Trojans								
Troy Trojans								
Troy Trojans								
Troy Trojans								
Troy Trojans								
Troy Trojans								
Troy Trojans								
Troy Trojans								
Troy Trojans								
Tulane Green Wave								
Tulane Green Wave								
Tulane Green Wave								
Tulane Green Wave								
Tulane Green Wave								
Tulane Green Wave								
Tulane Green Wave								
Tulane Green Wave								
Tulane Green Wave								
Tulane Green Wave								
Tulane Green Wave								
Tulsa Golden Hurricane								
Tulsa Golden Hurricane								
Tulsa Golden Hurricane								
Tulsa Golden Hurricane								
Tulsa Golden Hurricane								
Tulsa Golden Hurricane								
Tulsa Golden Hurricane								
Tulsa Golden Hurricane								
Tulsa Golden Hurricane								
Tulsa Golden Hurricane								
Tulsa Golden Hurricane								
UAB Blazers								
UAB Blazers								
UAB Blazers								
UCF Knights								
UCF Knights								
UCF Knights								
UCF Knights								
UCF Knights								
UCF Knights								
UCF Knights								
UCF Knights								
UCF Knights								
UCF Knights								
UCF Knights								
UCLA Bruins								
UCLA Bruins								
UCLA Bruins								
UCLA Bruins								
UCLA Bruins								
UCLA Bruins								
UCLA Bruins								
UCLA Bruins								
UCLA Bruins								
UCLA Bruins								
UCLA Bruins								
UConn Huskies								
UConn Huskies								
UConn Huskies								
UL Monroe Warhawks								
UL Monroe Warhawks								
UL Monroe Warhawks								
UL Monroe Warhawks								
UL Monroe Warhawks								
UL Monroe Warhawks								
UL Monroe Warhawks								
UL Monroe Warhawks								
UNLV Rebels								
UNLV Rebels								
UNLV Rebels								
UNLV Rebels								
UNLV Rebels								
UNLV Rebels								
UNLV Rebels								
UNLV Rebels								
UNLV Rebels								
UNLV Rebels								
UNLV Rebels								
USC Trojans								
USC Trojans								
USC Trojans								
USC Trojans								
USC Trojans								
USC Trojans								
USC Trojans								
USC Trojans								
USC Trojans								
USC Trojans								
USC Trojans								
UTSA Roadrunners								
UTSA Roadrunners								
UTSA Roadrunners								
Utah State Aggies								
Utah State Aggies								
Utah State Aggies								
Utah State Aggies								
Utah State Aggies								
Utah State Aggies								
Utah State Aggies								
Utah State Aggies								
Utah State Aggies								
Utah State Aggies								
Utah State Aggies								
Utah Utes								
Utah Utes								
Utah Utes								
Utah Utes								
Utah Utes								
Utah Utes								
Utah Utes								
Utah Utes								
Utah Utes								
Utah Utes								
Utah Utes								
Vanderbilt Commodores								
Vanderbilt Commodores								
Vanderbilt Commodores								
Vanderbilt Commodores								
Vanderbilt Commodores								
Vanderbilt Commodores								
Vanderbilt Commodores								
Vanderbilt Commodores								
Vanderbilt Commodores								
Vanderbilt Commodores								
Vanderbilt Commodores								
Virginia Cavaliers								
Virginia Cavaliers								
Virginia Cavaliers								
Virginia Cavaliers								
Virginia Cavaliers								
Virginia Cavaliers								
Virginia Cavaliers								
Virginia Cavaliers								
Virginia Cavaliers								
Virginia Cavaliers								
Virginia Cavaliers								
Virginia Tech Hokies								
Virginia Tech Hokies								
Virginia Tech Hokies								
Virginia Tech Hokies								
Virginia Tech Hokies								
Virginia Tech Hokies								
Virginia Tech Hokies								
Virginia Tech Hokies								
Virginia Tech Hokies								
Virginia Tech Hokies								
Virginia Tech Hokies								
Wake Forest Demon Deacons								
Wake Forest Demon Deacons								
Wake Forest Demon Deacons								
Wake Forest Demon Deacons								
Wake Forest Demon Deacons								
Wake Forest Demon Deacons								
Wake Forest Demon Deacons								
Wake Forest Demon Deacons								
Wake Forest Demon Deacons								
Wake Forest Demon Deacons								
Wake Forest Demon Deacons								
Washington Huskies								
Washington Huskies								
Washington Huskies								
Washington Huskies								
Washington Huskies								
Washington Huskies								
Washington Huskies								
Washington Huskies								
Washington Huskies								
Washington Huskies								
Washington Huskies								
Washington State Cougars								
Washington State Cougars								
Washington State Cougars								
Washington State Cougars								
Washington State Cougars								
Washington State Cougars								
Washington State Cougars								
Washington State Cougars								
Washington State Cougars								
Washington State Cougars								
Washington State Cougars								
West Virginia Mountaineers								
West Virginia Mountaineers								
West Virginia Mountaineers								
West Virginia Mountaineers								
West Virginia Mountaineers								
West Virginia Mountaineers								
West Virginia Mountaineers								
West Virginia Mountaineers								
West Virginia Mountaineers								
West Virginia Mountaineers								
West Virginia Mountaineers								
Western Michigan Broncos								
Western Michigan Broncos								
Western Michigan Broncos								
Western Michigan Broncos								
Western Michigan Broncos								
Western Michigan Broncos								
Western Michigan Broncos								
Western Michigan Broncos								
Western Michigan Broncos								
Western Michigan Broncos								
Western Michigan Broncos								
Wisconsin Badgers								
Wisconsin Badgers								
Wisconsin Badgers								
Wisconsin Badgers								
Wisconsin Badgers								
Wisconsin Badgers								
Wisconsin Badgers								
Wisconsin Badgers								
Wisconsin Badgers								
Wisconsin Badgers								
Wisconsin Badgers								
Wyoming Cowboys								
Wyoming Cowboys								
Wyoming Cowboys								
Wyoming Cowboys								
Wyoming Cowboys								
Wyoming Cowboys								
Wyoming Cowboys								
Wyoming Cowboys								
Wyoming Cowboys								
Wyoming Cowboys								
Wyoming Cowboys								